{"ADA":[3.997E-5],"BNB":[0.0010925],"XLT":[0.021873],"ETH":[0.092173],"ETC":[0.003496],"ICX":[4.797E-4],"NEO":[0.012587],"XRP":[1.1222E-4],"TRX":[5.57E-6],"VEN":[5.9269E-4]}