{"ADA":[4.747E-5],"BNB":[0.0010798],"XLT":[0.018508]}