{"ADA":[4.493E-5],"BNB":[0.00109],"XLT":[0.018555]}