{"ADA":[3.265E-5],"BNB":[9.162E-4],"XLT":[0.019959],"ETH":[0.081589],"ETC":[0.003275],"ICX":[3.927E-4],"NEO":[0.011551],"XRP":[9.128E-5],"TRX":[5.02E-6],"VEN":[5.6229E-4]}