{"ADA":[4.215E-5],"BNB":[0.0010919],"XLT":[0.022355]}